{
	"partitions" : [
		{
			"name" : "Top",
			"pins" : [
				{
					"name" : "R[0]",
					"strict" : false
				},
				{
					"name" : "R[1]",
					"strict" : false
				},
				{
					"name" : "R[2]",
					"strict" : false
				},
				{
					"name" : "R[3]",
					"strict" : false
				},
				{
					"name" : "R[4]",
					"strict" : false
				},
				{
					"name" : "R[5]",
					"strict" : false
				},
				{
					"name" : "R[6]",
					"strict" : false
				},
				{
					"name" : "R[7]",
					"strict" : false
				},
				{
					"name" : "R[8]",
					"strict" : false
				},
				{
					"name" : "R[9]",
					"strict" : false
				},
				{
					"name" : "R[10]",
					"strict" : false
				},
				{
					"name" : "R[11]",
					"strict" : false
				},
				{
					"name" : "R[12]",
					"strict" : false
				},
				{
					"name" : "R[13]",
					"strict" : false
				},
				{
					"name" : "R[14]",
					"strict" : false
				},
				{
					"name" : "R[15]",
					"strict" : false
				},
				{
					"name" : "R[16]",
					"strict" : false
				},
				{
					"name" : "R[17]",
					"strict" : false
				},
				{
					"name" : "R[18]",
					"strict" : false
				},
				{
					"name" : "R[19]",
					"strict" : false
				},
				{
					"name" : "R[20]",
					"strict" : false
				},
				{
					"name" : "R[21]",
					"strict" : false
				},
				{
					"name" : "R[22]",
					"strict" : false
				},
				{
					"name" : "R[23]",
					"strict" : false
				},
				{
					"name" : "R[24]",
					"strict" : false
				},
				{
					"name" : "R[25]",
					"strict" : false
				},
				{
					"name" : "R[26]",
					"strict" : false
				},
				{
					"name" : "R[27]",
					"strict" : false
				},
				{
					"name" : "R[28]",
					"strict" : false
				},
				{
					"name" : "R[29]",
					"strict" : false
				},
				{
					"name" : "R[30]",
					"strict" : false
				},
				{
					"name" : "R[31]",
					"strict" : false
				},
				{
					"name" : "R[32]",
					"strict" : false
				},
				{
					"name" : "R[33]",
					"strict" : false
				},
				{
					"name" : "R[34]",
					"strict" : false
				},
				{
					"name" : "R[35]",
					"strict" : false
				},
				{
					"name" : "R[36]",
					"strict" : false
				},
				{
					"name" : "R[37]",
					"strict" : false
				},
				{
					"name" : "R[38]",
					"strict" : false
				},
				{
					"name" : "R[39]",
					"strict" : false
				},
				{
					"name" : "R[40]",
					"strict" : false
				},
				{
					"name" : "R[41]",
					"strict" : false
				},
				{
					"name" : "R[42]",
					"strict" : false
				},
				{
					"name" : "R[43]",
					"strict" : false
				},
				{
					"name" : "R[44]",
					"strict" : false
				},
				{
					"name" : "R[45]",
					"strict" : false
				},
				{
					"name" : "R[46]",
					"strict" : false
				},
				{
					"name" : "R[47]",
					"strict" : false
				},
				{
					"name" : "R[48]",
					"strict" : false
				},
				{
					"name" : "R[49]",
					"strict" : false
				},
				{
					"name" : "R[50]",
					"strict" : false
				},
				{
					"name" : "R[51]",
					"strict" : false
				},
				{
					"name" : "R[52]",
					"strict" : false
				},
				{
					"name" : "R[53]",
					"strict" : false
				},
				{
					"name" : "R[54]",
					"strict" : false
				},
				{
					"name" : "R[55]",
					"strict" : false
				},
				{
					"name" : "R[56]",
					"strict" : false
				},
				{
					"name" : "R[57]",
					"strict" : false
				},
				{
					"name" : "R[58]",
					"strict" : false
				},
				{
					"name" : "R[59]",
					"strict" : false
				},
				{
					"name" : "R[60]",
					"strict" : false
				},
				{
					"name" : "R[61]",
					"strict" : false
				},
				{
					"name" : "R[62]",
					"strict" : false
				},
				{
					"name" : "R[63]",
					"strict" : false
				},
				{
					"name" : "A[0]",
					"strict" : false
				},
				{
					"name" : "B[0]",
					"strict" : false
				},
				{
					"name" : "clk",
					"strict" : false
				},
				{
					"name" : "rst",
					"strict" : false
				},
				{
					"name" : "A[1]",
					"strict" : false
				},
				{
					"name" : "B[1]",
					"strict" : false
				},
				{
					"name" : "B[2]",
					"strict" : false
				},
				{
					"name" : "A[2]",
					"strict" : false
				},
				{
					"name" : "B[3]",
					"strict" : false
				},
				{
					"name" : "A[3]",
					"strict" : false
				},
				{
					"name" : "B[4]",
					"strict" : false
				},
				{
					"name" : "A[4]",
					"strict" : false
				},
				{
					"name" : "B[5]",
					"strict" : false
				},
				{
					"name" : "A[5]",
					"strict" : false
				},
				{
					"name" : "B[6]",
					"strict" : false
				},
				{
					"name" : "A[6]",
					"strict" : false
				},
				{
					"name" : "B[7]",
					"strict" : false
				},
				{
					"name" : "A[7]",
					"strict" : false
				},
				{
					"name" : "B[8]",
					"strict" : false
				},
				{
					"name" : "A[8]",
					"strict" : false
				},
				{
					"name" : "B[9]",
					"strict" : false
				},
				{
					"name" : "A[9]",
					"strict" : false
				},
				{
					"name" : "B[10]",
					"strict" : false
				},
				{
					"name" : "A[10]",
					"strict" : false
				},
				{
					"name" : "B[11]",
					"strict" : false
				},
				{
					"name" : "A[11]",
					"strict" : false
				},
				{
					"name" : "A[12]",
					"strict" : false
				},
				{
					"name" : "B[12]",
					"strict" : false
				},
				{
					"name" : "A[13]",
					"strict" : false
				},
				{
					"name" : "B[13]",
					"strict" : false
				},
				{
					"name" : "A[14]",
					"strict" : false
				},
				{
					"name" : "B[14]",
					"strict" : false
				},
				{
					"name" : "A[15]",
					"strict" : false
				},
				{
					"name" : "B[15]",
					"strict" : false
				},
				{
					"name" : "B[16]",
					"strict" : false
				},
				{
					"name" : "A[16]",
					"strict" : false
				},
				{
					"name" : "B[17]",
					"strict" : false
				},
				{
					"name" : "A[17]",
					"strict" : false
				},
				{
					"name" : "B[18]",
					"strict" : false
				},
				{
					"name" : "A[18]",
					"strict" : false
				},
				{
					"name" : "B[19]",
					"strict" : false
				},
				{
					"name" : "A[19]",
					"strict" : false
				},
				{
					"name" : "A[20]",
					"strict" : false
				},
				{
					"name" : "B[20]",
					"strict" : false
				},
				{
					"name" : "A[21]",
					"strict" : false
				},
				{
					"name" : "B[21]",
					"strict" : false
				},
				{
					"name" : "A[22]",
					"strict" : false
				},
				{
					"name" : "B[22]",
					"strict" : false
				},
				{
					"name" : "A[23]",
					"strict" : false
				},
				{
					"name" : "B[23]",
					"strict" : false
				},
				{
					"name" : "A[24]",
					"strict" : false
				},
				{
					"name" : "B[24]",
					"strict" : false
				},
				{
					"name" : "A[25]",
					"strict" : false
				},
				{
					"name" : "B[25]",
					"strict" : false
				},
				{
					"name" : "A[26]",
					"strict" : false
				},
				{
					"name" : "B[26]",
					"strict" : false
				},
				{
					"name" : "A[27]",
					"strict" : false
				},
				{
					"name" : "B[27]",
					"strict" : false
				},
				{
					"name" : "A[28]",
					"strict" : false
				},
				{
					"name" : "B[28]",
					"strict" : false
				},
				{
					"name" : "A[29]",
					"strict" : false
				},
				{
					"name" : "B[29]",
					"strict" : false
				},
				{
					"name" : "A[30]",
					"strict" : false
				},
				{
					"name" : "B[30]",
					"strict" : false
				},
				{
					"name" : "A[31]",
					"strict" : false
				},
				{
					"name" : "B[31]",
					"strict" : false
				}
			]
		}
	]
}